timestamp,open,high,low,close,volume
2025-01-06T00:00:00+00:00,100,100.02,99.98,100.0,100
2025-01-06T00:15:00+00:00,100.0,100.02,99.98,100.0,100
2025-01-06T00:30:00+00:00,100.0,100.02,99.98,100.0,100
2025-01-06T00:45:00+00:00,100.0,100.02,99.98,100.0,100
2025-01-06T01:00:00+00:00,100.0,102,99.98,100.0,100
2025-01-06T01:15:00+00:00,100.0,100.02,99.98,100.0,100
2025-01-06T01:30:00+00:00,100.0,100.02,99.98,100.0,100
2025-01-06T01:45:00+00:00,100.0,100.02,99.98,100.0,100
2025-01-06T02:00:00+00:00,100.0,100.02,99.98,100.0,100
2025-01-06T02:15:00+00:00,100.0,100.02,98,100.0,100
2025-01-06T02:30:00+00:00,100.0,100.02,99.98,100.0,100
2025-01-06T02:45:00+00:00,100.0,100.02,99.98,100.0,100
2025-01-06T03:00:00+00:00,100.0,100.02,99.98,100.0,100
2025-01-06T03:15:00+00:00,100.0,100.02,99.98,100.0,100
2025-01-06T03:30:00+00:00,100.0,100.02,99.98,100.0,100
2025-01-06T03:45:00+00:00,100.0,100.02,99.98,100.0,100
2025-01-06T04:00:00+00:00,100,100.145,99.98,100.125,100
2025-01-06T04:15:00+00:00,100.125,100.27,100.105,100.25,100
2025-01-06T04:30:00+00:00,100.25,100.395,100.23,100.375,100
2025-01-06T04:45:00+00:00,100.375,100.52,100.355,100.5,100
2025-01-06T05:00:00+00:00,100.5,104,100.48,100.625,100
2025-01-06T05:15:00+00:00,100.625,100.77,100.605,100.75,100
2025-01-06T05:30:00+00:00,100.75,100.895,100.73,100.875,100
2025-01-06T05:45:00+00:00,100.875,101.02,100.855,101.0,100
2025-01-06T06:00:00+00:00,101.0,101.145,100.98,101.125,100
2025-01-06T06:15:00+00:00,101.125,101.27,99,101.25,100
2025-01-06T06:30:00+00:00,101.25,101.395,101.23,101.375,100
2025-01-06T06:45:00+00:00,101.375,101.52,101.355,101.5,100
2025-01-06T07:00:00+00:00,101.5,101.645,101.48,101.625,100
2025-01-06T07:15:00+00:00,101.625,101.77,101.605,101.75,100
2025-01-06T07:30:00+00:00,101.75,101.895,101.73,101.875,100
2025-01-06T07:45:00+00:00,101.875,102.02,101.855,102.0,100
2025-01-06T08:00:00+00:00,102,102.2075,101.98,102.1875,100
2025-01-06T08:15:00+00:00,102.1875,102.395,102.1675,102.375,100
2025-01-06T08:30:00+00:00,102.375,102.5825,102.355,102.5625,100
2025-01-06T08:45:00+00:00,102.5625,102.77,102.5425,102.75,100
2025-01-06T09:00:00+00:00,102.75,110,102.73,102.9375,100
2025-01-06T09:15:00+00:00,102.9375,103.145,102.9175,103.125,100
2025-01-06T09:30:00+00:00,103.125,103.3325,103.105,103.3125,100
2025-01-06T09:45:00+00:00,103.3125,103.52,103.2925,103.5,100
2025-01-06T10:00:00+00:00,103.5,103.7075,103.48,103.6875,100
2025-01-06T10:15:00+00:00,103.6875,103.895,101,103.875,100
2025-01-06T10:30:00+00:00,103.875,104.0825,103.855,104.0625,100
2025-01-06T10:45:00+00:00,104.0625,104.27,104.0425,104.25,100
2025-01-06T11:00:00+00:00,104.25,104.4575,104.23,104.4375,100
2025-01-06T11:15:00+00:00,104.4375,104.645,104.4175,104.625,100
2025-01-06T11:30:00+00:00,104.625,104.8325,104.605,104.8125,100
2025-01-06T11:45:00+00:00,104.8125,105.02,104.7925,105.0,100
2025-01-06T12:00:00+00:00,105,105.02,104.73,104.75,100
2025-01-06T12:15:00+00:00,104.75,104.77,104.48,104.5,100
2025-01-06T12:30:00+00:00,104.5,104.52,104.23,104.25,100
2025-01-06T12:45:00+00:00,104.25,104.27,103.98,104.0,100
2025-01-06T13:00:00+00:00,104.0,106,103.73,103.75,100
2025-01-06T13:15:00+00:00,103.75,103.77,103.48,103.5,100
2025-01-06T13:30:00+00:00,103.5,103.52,103.23,103.25,100
2025-01-06T13:45:00+00:00,103.25,103.27,102.98,103.0,100
2025-01-06T14:00:00+00:00,103.0,103.02,102.73,102.75,100
2025-01-06T14:15:00+00:00,102.75,102.77,99,102.5,100
2025-01-06T14:30:00+00:00,102.5,102.52,102.23,102.25,100
2025-01-06T14:45:00+00:00,102.25,102.27,101.98,102.0,100
2025-01-06T15:00:00+00:00,102.0,102.02,101.73,101.75,100
2025-01-06T15:15:00+00:00,101.75,101.77,101.48,101.5,100
2025-01-06T15:30:00+00:00,101.5,101.52,101.23,101.25,100
2025-01-06T15:45:00+00:00,101.25,101.27,100.98,101.0,100
2025-01-06T16:00:00+00:00,101,101.02,100.855,100.875,100
2025-01-06T16:15:00+00:00,100.875,100.895,100.73,100.75,100
2025-01-06T16:30:00+00:00,100.75,100.77,100.605,100.625,100
2025-01-06T16:45:00+00:00,100.625,100.645,100.48,100.5,100
2025-01-06T17:00:00+00:00,100.5,103,100.355,100.375,100
2025-01-06T17:15:00+00:00,100.375,100.395,100.23,100.25,100
2025-01-06T17:30:00+00:00,100.25,100.27,100.105,100.125,100
2025-01-06T17:45:00+00:00,100.125,100.145,99.98,100.0,100
2025-01-06T18:00:00+00:00,100.0,100.02,99.855,99.875,100
2025-01-06T18:15:00+00:00,99.875,99.895,96,99.75,100
2025-01-06T18:30:00+00:00,99.75,99.77,99.605,99.625,100
2025-01-06T18:45:00+00:00,99.625,99.645,99.48,99.5,100
2025-01-06T19:00:00+00:00,99.5,99.52,99.355,99.375,100
2025-01-06T19:15:00+00:00,99.375,99.395,99.23,99.25,100
2025-01-06T19:30:00+00:00,99.25,99.27,99.105,99.125,100
2025-01-06T19:45:00+00:00,99.125,99.145,98.98,99.0,100
2025-01-06T20:00:00+00:00,99,99.02,98.7925,98.8125,100
2025-01-06T20:15:00+00:00,98.8125,98.8325,98.605,98.625,100
2025-01-06T20:30:00+00:00,98.625,98.645,98.4175,98.4375,100
2025-01-06T20:45:00+00:00,98.4375,98.4575,98.23,98.25,100
2025-01-06T21:00:00+00:00,98.25,102,98.0425,98.0625,100
2025-01-06T21:15:00+00:00,98.0625,98.0825,97.855,97.875,100
2025-01-06T21:30:00+00:00,97.875,97.895,97.6675,97.6875,100
2025-01-06T21:45:00+00:00,97.6875,97.7075,97.48,97.5,100
2025-01-06T22:00:00+00:00,97.5,97.52,97.2925,97.3125,100
2025-01-06T22:15:00+00:00,97.3125,97.3325,90,97.125,100
2025-01-06T22:30:00+00:00,97.125,97.145,96.9175,96.9375,100
2025-01-06T22:45:00+00:00,96.9375,96.9575,96.73,96.75,100
2025-01-06T23:00:00+00:00,96.75,96.77,96.5425,96.5625,100
2025-01-06T23:15:00+00:00,96.5625,96.5825,96.355,96.375,100
2025-01-06T23:30:00+00:00,96.375,96.395,96.1675,96.1875,100
2025-01-06T23:45:00+00:00,96.1875,96.2075,95.98,96.0,100
2025-01-07T00:00:00+00:00,96,96.4575,95.98,96.4375,100
2025-01-07T00:15:00+00:00,96.4375,96.895,96.4175,96.875,100
2025-01-07T00:30:00+00:00,96.875,97.3325,96.855,97.3125,100
2025-01-07T00:45:00+00:00,97.3125,97.77,97.2925,97.75,100
2025-01-07T01:00:00+00:00,97.75,106,97.73,98.1875,100
2025-01-07T01:15:00+00:00,98.1875,98.645,98.1675,98.625,100
2025-01-07T01:30:00+00:00,98.625,99.0825,98.605,99.0625,100
2025-01-07T01:45:00+00:00,99.0625,99.52,99.0425,99.5,100
2025-01-07T02:00:00+00:00,99.5,99.9575,99.48,99.9375,100
2025-01-07T02:15:00+00:00,99.9375,100.395,95,100.375,100
2025-01-07T02:30:00+00:00,100.375,100.8325,100.355,100.8125,100
2025-01-07T02:45:00+00:00,100.8125,101.27,100.7925,101.25,100
2025-01-07T03:00:00+00:00,101.25,101.7075,101.23,101.6875,100
2025-01-07T03:15:00+00:00,101.6875,102.145,101.6675,102.125,100
2025-01-07T03:30:00+00:00,102.125,102.5825,102.105,102.5625,100
2025-01-07T03:45:00+00:00,102.5625,103.02,102.5425,103.0,100
2025-01-07T04:00:00+00:00,103,103.2075,102.98,103.1875,100
2025-01-07T04:15:00+00:00,103.1875,103.395,103.1675,103.375,100
2025-01-07T04:30:00+00:00,103.375,103.5825,103.355,103.5625,100
2025-01-07T04:45:00+00:00,103.5625,103.77,103.5425,103.75,100
2025-01-07T05:00:00+00:00,103.75,109,103.73,103.9375,100
2025-01-07T05:15:00+00:00,103.9375,104.145,103.9175,104.125,100
2025-01-07T05:30:00+00:00,104.125,104.3325,104.105,104.3125,100
2025-01-07T05:45:00+00:00,104.3125,104.52,104.2925,104.5,100
2025-01-07T06:00:00+00:00,104.5,104.7075,104.48,104.6875,100
2025-01-07T06:15:00+00:00,104.6875,104.895,98,104.875,100
2025-01-07T06:30:00+00:00,104.875,105.0825,104.855,105.0625,100
2025-01-07T06:45:00+00:00,105.0625,105.27,105.0425,105.25,100
2025-01-07T07:00:00+00:00,105.25,105.4575,105.23,105.4375,100
2025-01-07T07:15:00+00:00,105.4375,105.645,105.4175,105.625,100
2025-01-07T07:30:00+00:00,105.625,105.8325,105.605,105.8125,100
2025-01-07T07:45:00+00:00,105.8125,106.02,105.7925,106.0,100
2025-01-07T08:00:00+00:00,106,106.52,105.98,106.5,100
2025-01-07T08:15:00+00:00,106.5,107.02,106.48,107.0,100
2025-01-07T08:30:00+00:00,107.0,107.52,106.98,107.5,100
2025-01-07T08:45:00+00:00,107.5,108.02,107.48,108.0,100
2025-01-07T09:00:00+00:00,108.0,116,107.98,108.5,100
2025-01-07T09:15:00+00:00,108.5,109.02,108.48,109.0,100
2025-01-07T09:30:00+00:00,109.0,109.52,108.98,109.5,100
2025-01-07T09:45:00+00:00,109.5,110.02,109.48,110.0,100
2025-01-07T10:00:00+00:00,110.0,110.52,109.98,110.5,100
2025-01-07T10:15:00+00:00,110.5,111.02,104,111.0,100
2025-01-07T10:30:00+00:00,111.0,111.52,110.98,111.5,100
2025-01-07T10:45:00+00:00,111.5,112.02,111.48,112.0,100
2025-01-07T11:00:00+00:00,112.0,112.52,111.98,112.5,100
2025-01-07T11:15:00+00:00,112.5,113.02,112.48,113.0,100
2025-01-07T11:30:00+00:00,113.0,113.52,112.98,113.5,100
2025-01-07T11:45:00+00:00,113.5,114.02,113.48,114.0,100
2025-01-07T12:00:00+00:00,114,115,103.5,104,100
2025-01-07T12:15:00+00:00,104,106,101,102,100
2025-01-07T12:30:00+00:00,102,105,99,103,100
2025-01-07T12:45:00+00:00,103,108,102,106,100
2025-01-07T13:00:00+00:00,106,106.5,100,102,100
2025-01-07T13:15:00+00:00,102,105,98,100,100
2025-01-07T13:30:00+00:00,100,106,99,104,100
2025-01-07T13:45:00+00:00,104,112,102,111,100
2025-01-07T14:00:00+00:00,111,111.5,106,107,100
2025-01-07T14:15:00+00:00,107,108,103,104,100
2025-01-07T14:30:00+00:00,104,110,104,109,100
2025-01-07T14:45:00+00:00,109,110,102,103,100
2025-01-07T15:00:00+00:00,103,103.2,102.8,103,100
2025-01-07T15:15:00+00:00,103,103.2,102.8,103,100
2025-01-07T15:30:00+00:00,103,103.2,102.8,103,100
2025-01-07T15:45:00+00:00,103,103.2,102.8,103,100
