Asia/Dubai,Open,High,Low,Close,Volume
2021-10-07T00:00:00+04:00,1.25883,1.25898,1.25861,1.25881,395460000
2021-10-07T00:15:00+04:00,1.25881,1.25896,1.2588,1.2589,116940000
2021-10-07T00:30:00+04:00,1.2589,1.25916,1.25887,1.25893,166160000
2021-10-07T00:45:00+04:00,1.25892,1.25917,1.2586,1.2586,628530000
2021-10-07T01:00:00+04:00,1.2586,1.25937,1.2586,1.25925,63450000
2021-10-07T01:15:00+04:00,1.25925,1.25925,1.25881,1.25886,26800000
2021-10-07T01:30:00+04:00,1.25886,1.259,1.25886,1.25886,30390000
2021-10-07T01:45:00+04:00,1.25883,1.25923,1.25845,1.25912,253900000
2021-10-07T02:00:00+04:00,1.25914,1.25918,1.25878,1.25893,203370000
2021-10-07T02:15:00+04:00,1.25892,1.25898,1.25868,1.25895,162120000
2021-10-07T02:30:00+04:00,1.25895,1.25895,1.25845,1.25873,208390000
2021-10-07T02:45:00+04:00,1.25872,1.25914,1.2586,1.259,285810000
2021-10-07T03:00:00+04:00,1.259,1.25901,1.2587,1.25888,425070000
2021-10-07T03:15:00+04:00,1.25885,1.25891,1.25878,1.25885,125670000
2021-10-07T03:30:00+04:00,1.25886,1.25899,1.25868,1.25876,400790000
2021-10-07T03:45:00+04:00,1.25876,1.25879,1.25843,1.25855,519250000
2021-10-07T04:00:00+04:00,1.25859,1.25908,1.25806,1.25807,1392560000
2021-10-07T04:15:00+04:00,1.25807,1.25895,1.25806,1.25865,719260000
2021-10-07T04:30:00+04:00,1.25865,1.25866,1.25729,1.25741,704180000
2021-10-07T04:45:00+04:00,1.2574,1.25801,1.25715,1.25801,564110000
2021-10-07T05:00:00+04:00,1.25799,1.2585,1.25762,1.25821,736840000
2021-10-07T05:15:00+04:00,1.25817,1.25889,1.25793,1.25853,737430000
2021-10-07T05:30:00+04:00,1.2585,1.25864,1.25743,1.25757,1000870000
2021-10-07T05:45:00+04:00,1.25755,1.25792,1.2574,1.25769,676550000
2021-10-07T06:00:00+04:00,1.25769,1.25811,1.25761,1.25763,594920000
2021-10-07T06:15:00+04:00,1.25763,1.25837,1.25761,1.25832,520440000
2021-10-07T06:30:00+04:00,1.25832,1.25871,1.25821,1.2586,463560000
2021-10-07T06:45:00+04:00,1.2586,1.25882,1.25851,1.25854,292390000
2021-10-07T07:00:00+04:00,1.25856,1.25883,1.25851,1.2588,451070000
2021-10-07T07:15:00+04:00,1.25881,1.25913,1.25865,1.2589,355040000
2021-10-07T07:30:00+04:00,1.25891,1.25913,1.25882,1.25883,309380000
2021-10-07T07:45:00+04:00,1.25881,1.25883,1.25839,1.25852,268780000
2021-10-07T08:00:00+04:00,1.25853,1.2586,1.25833,1.25836,319840000
2021-10-07T08:15:00+04:00,1.25836,1.25846,1.25807,1.25819,231060000
2021-10-07T08:30:00+04:00,1.2582,1.25849,1.25809,1.25847,354380000
2021-10-07T08:45:00+04:00,1.25848,1.2588,1.25841,1.25873,460100000
2021-10-07T09:00:00+04:00,1.25874,1.2589,1.25837,1.25845,584080000
2021-10-07T09:15:00+04:00,1.25848,1.25882,1.25833,1.25863,427300000
2021-10-07T09:30:00+04:00,1.25864,1.25921,1.25864,1.25906,547020000
2021-10-07T09:45:00+04:00,1.25906,1.25923,1.25888,1.25888,706750000
2021-10-07T10:00:00+04:00,1.25888,1.25894,1.25731,1.25761,1297060000
2021-10-07T10:15:00+04:00,1.25761,1.25767,1.2567,1.25695,938420000
2021-10-07T10:30:00+04:00,1.25695,1.25704,1.25645,1.25668,963060000
2021-10-07T10:45:00+04:00,1.25668,1.25733,1.25656,1.25698,1563390000
2021-10-07T11:00:00+04:00,1.25696,1.2572,1.25633,1.25674,1408980000
2021-10-07T11:15:00+04:00,1.25675,1.25834,1.25653,1.25808,1596770000
2021-10-07T11:30:00+04:00,1.25805,1.25817,1.25758,1.25805,1436350000
2021-10-07T11:45:00+04:00,1.25803,1.25828,1.25755,1.25784,1242440000
2021-10-07T12:00:00+04:00,1.25788,1.25856,1.25772,1.25842,1288570000
2021-10-07T12:15:00+04:00,1.2584,1.25991,1.25825,1.2593,1727670000
2021-10-07T12:30:00+04:00,1.25931,1.25964,1.25879,1.25902,1452040000
2021-10-07T12:45:00+04:00,1.25903,1.25911,1.25829,1.25874,1593970000
2021-10-07T13:00:00+04:00,1.25876,1.25897,1.25839,1.25879,725580000
2021-10-07T13:15:00+04:00,1.25879,1.25884,1.25828,1.25854,1166740000
2021-10-07T13:30:00+04:00,1.25852,1.25858,1.25782,1.25832,593280000
2021-10-07T13:45:00+04:00,1.25833,1.25844,1.25798,1.25841,949660000
2021-10-07T14:00:00+04:00,1.25841,1.25848,1.25768,1.25775,1169210000
2021-10-07T14:15:00+04:00,1.25779,1.25816,1.25763,1.25809,658500000
2021-10-07T14:30:00+04:00,1.25816,1.25826,1.2579,1.25818,708810000
2021-10-07T14:45:00+04:00,1.25816,1.25856,1.25776,1.25841,1060520000
2021-10-07T15:00:00+04:00,1.2584,1.25844,1.25722,1.25742,1190120000
2021-10-07T15:15:00+04:00,1.25741,1.2578,1.25737,1.25762,1081820000
2021-10-07T15:30:00+04:00,1.25759,1.25795,1.25697,1.25717,1178170000
2021-10-07T15:45:00+04:00,1.25716,1.25803,1.25714,1.25797,857740000
2021-10-07T16:00:00+04:00,1.25797,1.25826,1.25767,1.25792,1046160000
2021-10-07T16:15:00+04:00,1.25791,1.25834,1.25733,1.25772,923120000
2021-10-07T16:30:00+04:00,1.25776,1.25833,1.25755,1.25793,1375360000
2021-10-07T16:45:00+04:00,1.25792,1.25803,1.25715,1.25779,1151190000
2021-10-07T17:00:00+04:00,1.2578,1.2587,1.25769,1.25857,1761950000
2021-10-07T17:15:00+04:00,1.25856,1.25937,1.25818,1.2589,1539440000
2021-10-07T17:30:00+04:00,1.25891,1.25906,1.25716,1.25735,2987880000
2021-10-07T17:45:00+04:00,1.25735,1.25742,1.25634,1.25705,2307370000
2021-10-07T18:00:00+04:00,1.2571,1.25735,1.25645,1.25694,2059150000
2021-10-07T18:15:00+04:00,1.25691,1.2574,1.25609,1.2561,2144990000
2021-10-07T18:30:00+04:00,1.2561,1.25629,1.25524,1.25563,1637160000
2021-10-07T18:45:00+04:00,1.25562,1.25562,1.25445,1.25486,2285800000
2021-10-07T19:00:00+04:00,1.25486,1.25492,1.25411,1.25471,1986120000
2021-10-07T19:15:00+04:00,1.25471,1.25525,1.25444,1.2545,1286960000
2021-10-07T19:30:00+04:00,1.2545,1.25483,1.25396,1.25468,1363670000
2021-10-07T19:45:00+04:00,1.25467,1.25492,1.25451,1.25463,749920000
2021-10-07T20:00:00+04:00,1.25463,1.25505,1.2545,1.25486,939200000
2021-10-07T20:15:00+04:00,1.25485,1.25495,1.25442,1.25471,1045680000
2021-10-07T20:30:00+04:00,1.2547,1.25572,1.2546,1.25558,649910000
2021-10-07T20:45:00+04:00,1.25556,1.2557,1.25524,1.25569,852140000
2021-10-07T21:00:00+04:00,1.2557,1.2564,1.25569,1.25619,1157230000
2021-10-07T21:15:00+04:00,1.25618,1.25622,1.25505,1.25518,873860000
2021-10-07T21:30:00+04:00,1.25521,1.25564,1.2546,1.25469,656290000
2021-10-07T21:45:00+04:00,1.25473,1.25476,1.25426,1.25458,552370000
2021-10-07T22:00:00+04:00,1.25459,1.25517,1.25447,1.25493,1043360000
2021-10-07T22:15:00+04:00,1.25492,1.25539,1.25481,1.25523,771750000
2021-10-07T22:30:00+04:00,1.25523,1.25595,1.25515,1.25591,818200000
2021-10-07T22:45:00+04:00,1.25593,1.25603,1.2551,1.25514,1043230000
2021-10-07T23:00:00+04:00,1.25514,1.2559,1.25471,1.25473,1011910000
2021-10-07T23:15:00+04:00,1.25472,1.25475,1.25418,1.25429,848230000
2021-10-07T23:30:00+04:00,1.25429,1.25465,1.25418,1.25465,876160000
2021-10-07T23:45:00+04:00,1.25467,1.2547,1.25404,1.25421,1099660000